City_ID,City,Lat,Lng,Max Temp,Humidity,Cloudiness,Wind Speed,Country,Date
0,axim,4.8699,-2.2405,80.51,80,41,7.92,GH,1733685863
1,solsona,41.994,1.5171,39.0,72,100,5.99,ES,1733685865
2,crane,31.3974,-102.3501,68.68,22,1,23.29,US,1733685596
3,saint-philippe,-21.3585,55.7679,77.16,85,18,10.27,RE,1733685867
4,olinda,-8.0089,-34.8553,83.93,70,75,13.8,BR,1733685868
5,edinburgh of the seven seas,-37.0676,-12.3116,61.75,88,100,29.28,SH,1733685870
6,papao,-17.75,-149.55,85.68,76,84,23.31,PF,1733685871
7,kuanda,56.3161,116.0806,2.84,98,100,0.47,RU,1733685873
8,staritsa,56.5075,34.9354,32.07,99,100,5.48,RU,1733685874
9,bargaal,11.2864,51.0773,75.97,77,21,10.51,SO,1733685875
10,polyarnyy,69.1989,33.4478,33.6,90,100,16.82,RU,1733685876
11,puerto natales,-51.7236,-72.4875,57.65,35,75,18.41,CL,1733685807
12,albany,42.6001,-73.9662,43.57,70,100,10.11,US,1733685856
13,waitangi,-43.9535,-176.5597,60.82,97,100,15.01,NZ,1733685880
14,stanley,54.868,-1.6985,44.62,89,40,16.11,GB,1733685881
15,thompson,55.7435,-97.8558,1.56,85,75,4.61,CA,1733685882
16,bilibino,68.0546,166.4372,-13.86,86,89,1.92,RU,1733685883
17,mwene-ditu,-7.0,23.45,65.71,95,16,3.96,CD,1733685884
18,bethel,41.3712,-73.414,50.94,50,100,4.0,US,1733685634
19,toliara,-23.35,43.6667,84.96,58,0,16.89,MG,1733685888
20,tadine,-21.55,167.8833,73.11,83,14,5.55,NC,1733685889
21,mil'kovo,55.6078,37.7956,26.74,57,100,6.53,RU,1733685890
22,richards bay,-28.783,32.0377,76.3,85,43,9.35,ZA,1733685892
23,port-aux-francais,-49.35,70.2167,37.4,98,100,29.71,TF,1733685893
24,lebu,-37.6167,-73.65,58.68,65,4,15.12,CL,1733685894
25,avarua,-21.2078,-159.775,78.85,78,100,2.3,CK,1733685895
26,la passe,45.5549,-0.8967,46.78,74,100,25.77,FR,1733685896
27,lihue,21.9789,-159.3672,73.74,94,20,5.75,US,1733685860
28,papatowai,-46.5619,169.4708,53.37,50,6,16.31,NZ,1733685899
29,saipan,15.1355,145.701,81.3,84,40,5.75,MP,1733685900
30,la'ie,21.6477,-157.9253,79.05,89,2,8.9,US,1733685901
31,georgetown,5.4112,100.3354,82.33,82,20,4.61,MY,1733685634
32,constantia,44.1833,28.65,45.7,91,100,10.11,RO,1733685903
33,ribeira grande,38.5167,-28.7,66.78,82,20,14.97,PT,1733685904
34,radnor,40.0462,-75.3599,57.27,41,0,13.8,US,1733685905
35,bam,29.106,58.357,48.38,28,5,2.91,IR,1733685906
36,adamstown,-25.066,-130.1015,72.82,77,75,20.22,PN,1733685908
37,punta arenas,-53.15,-70.9167,53.71,47,75,14.97,CL,1733685909
38,college,64.8569,-147.8028,-4.02,77,75,3.44,US,1733685910
39,saint-joseph,-21.3667,55.6167,75.58,86,14,9.48,RE,1733685911
40,maloye ganyushkino,46.6,49.2667,33.49,62,14,21.47,KZ,1733685912
41,ceeldheer,3.8488,47.1806,79.93,61,69,22.91,SO,1733685913
42,grytviken,-54.2811,-36.5092,34.92,70,99,9.46,GS,1733685914
43,margaret river,-33.95,115.0667,58.15,84,0,12.37,AU,1733685915
44,sundumbili,-29.1337,31.3975,73.89,90,98,2.59,ZA,1733685917
45,nemuro,43.3236,145.575,30.31,70,20,17.6,JP,1733685918
46,blackmans bay,-43.0167,147.3167,53.73,79,74,8.77,AU,1733685920
47,kodiak,57.79,-152.4072,44.11,93,100,20.71,US,1733685921
48,atafu village,-8.5421,-172.5159,83.79,68,100,15.97,TK,1733685922
49,san borja,-14.8167,-66.85,88.72,57,100,5.1,BO,1733685923
50,greenwood,34.1668,-82.1165,58.28,49,100,9.22,US,1733685706
51,cill airne,52.05,-9.5167,39.79,86,6,7.81,IE,1733685926
52,westport,41.1415,-73.3579,53.37,44,0,14.97,US,1733685927
53,utrik,11.2278,169.8474,81.27,71,12,24.34,MH,1733685928
54,morehead city,34.7229,-76.726,64.04,59,0,11.5,US,1733685808
55,conceicao da barra,-18.5933,-39.7322,84.13,62,100,10.76,BR,1733685930
56,longyearbyen,78.2186,15.6401,26.44,68,75,17.27,SJ,1733685931
57,labrador city,52.9463,-66.9114,9.18,69,75,4.61,CA,1733685933
58,hasaki,35.7333,140.8333,46.31,47,2,12.28,JP,1733685935
59,mugia,43.1041,-9.2179,55.06,60,7,24.81,ES,1733685936
60,hawaiian paradise park,19.5933,-154.9731,79.9,77,0,3.44,US,1733685937
61,takum,7.2667,9.9833,78.58,29,100,0.76,NG,1733685938
62,roxas,11.5853,122.7511,79.56,89,100,15.01,PH,1733685940
63,petropavlovsk-kamchatsky,53.0452,158.6483,34.39,41,75,15.66,RU,1733685941
64,mwatate,-3.5029,38.3795,72.01,76,59,5.64,KE,1733685942
65,tiksi,71.6872,128.8694,-10.28,97,100,5.55,RU,1733685943
66,kingston,17.997,-76.7936,85.15,70,40,9.22,JM,1733685762
67,nizhnesortymskiy,62.4397,71.7603,4.17,95,63,13.13,RU,1733685945
68,puerto leguizamo,-0.1934,-74.7819,94.05,33,72,5.75,CO,1733685947
69,marijampole,54.5667,23.35,36.32,95,100,8.97,LT,1733685948
70,vorgashor,67.5833,63.95,9.66,94,100,17.67,RU,1733685949
71,tando muhammad khan,25.123,68.5358,64.24,10,0,7.25,PK,1733685950
72,hami,42.8,93.45,23.76,66,69,3.29,CN,1733685951
73,maracas,-13.4411,-40.4308,85.05,32,6,7.74,BR,1733685952
74,port mathurin,-19.6833,63.4167,77.04,84,85,12.91,MU,1733685953
75,talnakh,69.4865,88.3972,5.25,97,100,7.96,RU,1733685954
76,la spezia,44.1105,9.8434,50.04,62,100,3.0,IT,1733685956
77,qaqortoq,60.7167,-46.0333,31.03,98,100,11.95,GL,1733685957
78,santa rosalia,27.3167,-112.2833,72.14,33,0,7.18,MX,1733685958
79,cidade velha,14.9167,-23.6167,77.47,69,75,11.5,CV,1733685959
80,sandnessjoen,66.0217,12.6316,39.42,65,75,9.22,NO,1733685960
81,luderitz,-26.6481,15.1594,67.39,62,26,20.96,NA,1733685961
82,west island,-12.1568,96.8225,78.78,94,75,17.27,CC,1733685962
83,ushuaia,-54.8,-68.3,49.66,53,75,20.71,AR,1733685808
84,muleba,-1.8397,31.6544,67.96,69,9,2.71,TZ,1733685965
85,klyuchi,52.2667,79.1667,-3.1,99,91,5.5,RU,1733685966
86,lata,40.1629,-8.3327,43.2,80,0,5.41,PT,1733685967
87,itanagar,27.1,93.6167,55.54,68,1,4.81,IN,1733685969
88,cradock,-32.1642,25.6192,64.99,82,63,8.97,ZA,1733685970
89,hermanus,-34.4187,19.2345,63.81,70,85,8.52,ZA,1733685971
90,chui,-33.6971,-53.4616,62.19,53,0,13.82,UY,1733685972
91,cova figueira,14.8905,-24.2934,65.97,69,100,13.38,CV,1733685973
92,iqaluit,63.7506,-68.5145,-7.31,69,75,26.46,CA,1733685974
93,saldanha,-33.0117,17.9442,64.45,78,53,21.47,ZA,1733685976
94,tolanaro,-25.0319,46.9987,78.87,78,75,13.8,MG,1733685977
95,tralee,52.2704,-9.7026,41.09,81,14,7.94,IE,1733685978
96,greymouth,-42.4667,171.2,55.99,81,57,9.51,NZ,1733685979
97,ust-nera,64.5667,143.2,-21.06,98,100,2.82,RU,1733685980
98,hithadhoo,-0.6,73.0833,81.39,73,100,12.48,MV,1733685981
99,lawrenceburg,38.0373,-84.8966,57.99,50,100,13.8,US,1733685983
100,bredasdorp,-34.5322,20.0403,63.61,68,32,5.06,ZA,1733685985
101,tanjung pandan,-2.75,107.65,81.23,84,92,8.81,ID,1733685986
102,la sarre,48.8002,-79.1996,15.37,86,100,8.43,CA,1733685987
103,east london,-33.0153,27.9116,72.72,91,100,5.1,ZA,1733685988
104,ensisheim,47.867,7.3521,42.44,87,100,5.01,FR,1733685989
105,cabedelo,-6.9811,-34.8339,84.87,69,32,16.02,BR,1733685990
106,haiku-pauwela,20.9219,-156.3051,78.04,73,20,15.99,US,1733685991
107,wailua homesteads,22.0669,-159.378,74.12,94,20,5.75,US,1733685993
108,luanda,-8.8368,13.2343,80.6,74,20,6.91,AO,1733685994
109,bikenibeu village,1.3673,173.1241,78.76,94,100,8.05,KI,1733685995
110,keflavik,64.0049,-22.5624,46.83,100,100,40.29,IS,1733685996
111,broome,42.2506,-75.833,44.19,74,100,10.36,US,1733685997
112,codrington,-38.2667,141.9667,51.24,79,100,4.59,AU,1733685998
113,uyskoye,54.3775,60.0047,1.33,92,75,2.46,RU,1733686001
114,dauphin,51.1494,-100.0502,21.34,93,100,14.97,CA,1733686002
115,slaton,33.4373,-101.6435,63.95,30,0,21.0,US,1733686003
116,qamdo,31.1667,97.2333,22.57,52,0,7.09,CN,1733686004
117,namibe,-15.1961,12.1522,74.07,78,84,10.02,AO,1733686006
118,invercargill,-46.4,168.35,49.01,81,32,11.01,NZ,1733686007
119,anadyr,64.75,177.4833,-3.5,77,100,8.95,RU,1733686008
120,yellowknife,62.456,-114.3525,12.72,92,75,9.22,CA,1733686009
121,mount isa,-20.7333,139.5,78.57,83,7,0.0,AU,1733686010
122,nishinoomote,30.7333,131.0,53.38,53,0,17.45,JP,1733686011
123,aasiaat,68.7098,-52.8699,16.43,81,10,12.55,GL,1733686012
124,taroa,8.7058,171.2275,81.21,77,100,25.46,MH,1733686013
125,sola,-13.8833,167.55,82.35,80,99,13.49,VU,1733686015
126,tazovsky,67.4667,78.7,6.01,93,100,12.8,RU,1733686016
127,guaraciaba do norte,-4.1669,-40.7475,84.49,35,90,5.46,BR,1733686017
128,badger,64.8,-147.5333,-1.95,82,0,3.44,US,1733686018
129,san jeronimo de juarez,17.1333,-100.4667,86.0,56,24,8.5,MX,1733686019
130,macusani,-14.0833,-70.4333,51.42,59,85,9.37,PE,1733686020
131,smara,26.7384,-11.6719,69.78,40,18,9.93,EH,1733686021
132,bodden town,19.2833,-81.25,82.4,73,75,13.8,KY,1733686023
133,nar'yan-mar,67.6713,53.087,19.87,92,100,17.0,RU,1733686025
134,fale old settlement,-9.3852,-171.2468,82.33,78,100,14.18,TK,1733685974
135,shimoda,34.6667,138.95,47.08,61,89,9.84,JP,1733686027
136,sivas,39.7916,37.0019,36.23,93,75,6.91,TR,1733686029
137,lompoc,34.6391,-120.4579,69.01,56,20,4.61,US,1733686030
138,garissa,-0.4536,39.6401,85.98,53,98,11.95,KE,1733686031
139,baihe,22.15,107.2333,56.95,65,100,2.93,CN,1733686032
140,cabo san lucas,22.8909,-109.9124,79.11,31,100,7.0,MX,1733685865
141,nova sintra,14.8667,-24.7167,77.4,67,100,6.46,CV,1733686034
142,porto novo,6.4965,2.6036,81.1,62,5,6.62,BJ,1733686035
143,khadan khak,30.7477,67.7085,30.4,46,0,11.79,PK,1733686036
144,sisimiut,66.9395,-53.6735,22.14,72,59,12.39,GL,1733686038
145,south hedland,-20.4089,118.5983,84.13,89,75,5.75,AU,1733686039
146,krasnyy chikoy,50.3643,108.7512,4.93,99,100,0.98,RU,1733686040
147,kenai,60.5544,-151.2583,35.15,95,100,9.22,US,1733686041
148,khash,28.2211,61.2158,37.8,33,0,4.16,IR,1733686042
149,dudinka,69.4058,86.1778,12.9,95,100,13.11,RU,1733686043
150,sault ste. marie,46.5168,-84.3333,32.29,74,100,6.91,CA,1733686044
151,saint-francois,46.4154,3.9054,42.42,94,100,6.91,FR,1733686046
152,soure,-0.7167,-48.5233,83.19,69,17,11.18,BR,1733686047
153,howard springs,-12.497,131.047,76.91,100,100,4.21,AU,1733686048
154,kailua-kona,19.6406,-155.9956,80.56,64,0,3.44,US,1733685852
155,jamestown,42.097,-79.2353,40.64,81,100,11.5,US,1733685834
156,chhor,25.5167,69.7667,62.69,11,0,9.69,PK,1733686051
157,bereket,39.2446,55.5154,35.71,59,100,27.67,TM,1733686052
158,i-n-salah,27.1935,2.4607,66.2,24,100,6.87,DZ,1733686053
159,savanna-la-mar,18.219,-78.1332,83.93,73,67,9.46,JM,1733686055
160,dalbandin,28.8947,64.4101,42.58,27,0,4.83,PK,1733685851
161,raton,36.9034,-104.4391,56.01,18,0,5.75,US,1733686057
162,port blair,11.6667,92.75,82.44,83,75,5.75,IN,1733686058
163,swakopmund,-22.6833,14.5333,61.14,89,20,3.8,NA,1733686059
164,pemba,-12.974,40.5178,81.57,78,21,8.43,MZ,1733686060
165,parabel',58.6978,81.4825,-4.0,99,49,5.28,RU,1733686061
166,ironwood,46.4547,-90.171,36.41,75,100,4.61,US,1733686062
167,kiffa,16.6166,-11.4045,77.32,11,100,9.17,MR,1733686064
168,wakkanai,45.4094,141.6739,31.06,58,100,21.12,JP,1733686065
169,tome acu,-2.4189,-48.1522,87.76,53,100,4.59,BR,1733686066
170,pahrump,36.2083,-115.9839,57.83,21,100,5.99,US,1733686067
171,miyaly,48.8844,53.7836,24.04,42,40,8.93,KZ,1733686068
172,tahe,52.3333,124.7333,-0.54,98,100,2.62,CN,1733686069
173,pandan,14.0453,124.1694,79.84,91,100,14.54,PH,1733686070
174,maintirano,-18.0667,44.0167,82.76,76,28,11.61,MG,1733686071
175,paita,-5.0892,-81.1144,73.26,72,26,16.64,PE,1733686073
176,nuuk,64.1835,-51.7216,32.61,55,75,11.5,GL,1733686074
177,lauro de freitas,-12.8944,-38.3272,82.42,74,20,16.11,BR,1733686075
178,ballesteros,18.4126,121.5152,75.42,87,91,15.17,PH,1733686076
179,st. john's,47.5649,-52.7093,30.97,66,75,6.91,CA,1733685847
180,vila franca do campo,37.7167,-25.4333,64.89,99,73,9.6,PT,1733686078
181,haimen,23.1935,116.6142,60.55,72,100,20.36,CN,1733686080
182,kristiansund,63.1115,7.732,39.13,81,75,1.14,NO,1733686082
183,puerto ayora,-0.7393,-90.3518,75.54,90,36,7.0,EC,1733686083
184,vila velha,-20.3297,-40.2925,84.15,78,20,17.27,BR,1733685818
185,ilulissat,69.2167,-51.1,26.62,50,1,17.27,GL,1733686086
186,guerrero negro,27.9769,-114.0611,74.88,30,0,1.81,MX,1733686087
187,san patricio,28.017,-97.5169,57.15,75,100,5.7,US,1733686088
188,volkovysk,53.1561,24.4513,35.94,91,100,11.39,BY,1733686089
189,anjozorobe,-18.4,47.8667,64.85,73,0,5.88,MG,1733686090
190,rongelap,11.1635,166.8941,81.81,75,26,22.93,MH,1733686091
191,lagoa,39.05,-27.9833,63.97,88,7,16.69,PT,1733686092
192,kavaratti,10.5669,72.642,81.84,78,89,8.61,IN,1733686093
193,muravlenko,63.7898,74.523,4.14,88,100,17.67,RU,1733686095
194,isafjordur,66.0755,-23.124,41.72,88,100,25.77,IS,1733686096
195,solwezi,-12.1688,26.3894,61.25,97,100,3.09,ZM,1733686097
196,twentynine palms,34.1356,-116.0542,69.85,16,100,1.5,US,1733686042
197,sangmelima,2.9333,11.9833,75.96,43,96,1.32,CM,1733686099
198,lido di jesolo,45.5069,12.6469,44.94,100,100,25.93,IT,1733686100
199,siwa oasis,29.2041,25.5195,59.45,43,0,3.85,EG,1733686101
200,paka,4.6374,103.4368,76.98,88,100,2.3,MY,1733686103
201,walin,27.9833,83.7667,48.65,78,0,3.6,NP,1733686104
202,quellon,-43.1167,-73.6167,55.17,58,100,10.67,CL,1733686105
203,ko lanta,7.5336,99.0865,80.08,82,100,13.89,TH,1733686106
204,mata-utu,-13.2816,-176.1745,81.99,81,100,19.42,WF,1733686107
205,fuerte olimpo,-21.0415,-57.8738,85.73,72,100,9.01,PY,1733686110
206,cobija,-11.0267,-68.7692,93.9,38,10,4.56,BO,1733686111
207,suva,-18.1416,178.4415,81.88,83,40,9.22,FJ,1733686113
208,alice springs,-23.7,133.8833,76.55,88,75,4.61,AU,1733686114
209,margate,51.3813,1.3862,48.87,80,100,4.0,GB,1733686081
210,el granada,37.5027,-122.4694,65.62,57,71,1.99,US,1733686116
211,usinsk,65.9939,57.5281,9.59,95,100,20.54,RU,1733685961
212,parauapebas,-6.0675,-49.9022,89.58,58,40,4.61,BR,1733686119
213,novoagansk,61.9449,76.6625,3.13,94,98,10.13,RU,1733686120
214,pyhajarvi,67.0701,27.2176,29.73,88,100,5.35,FI,1733686121
215,piacabucu,-10.4056,-36.4344,82.47,64,0,13.18,BR,1733686122
216,egilsstadir,65.2653,-14.3948,42.71,65,0,18.41,IS,1733686123
217,port elizabeth,-33.918,25.5701,71.31,86,40,6.91,ZA,1733686124
218,flying fish cove,-10.4217,105.6791,78.48,94,100,3.44,CX,1733686125
219,blackwater,-23.5833,148.8833,76.46,73,11,6.35,AU,1733686127
220,aver-o-mar,41.4078,-8.7812,50.56,66,0,10.36,PT,1733686128
221,hobyo,5.3505,48.5268,79.5,72,25,21.94,SO,1733686130
222,vadso,70.0744,29.7487,33.96,86,20,21.85,NO,1733686131
223,masterton,-40.9597,175.6575,65.98,70,43,12.44,NZ,1733686132
224,lospalos,-8.5186,127.0025,74.23,92,71,5.19,TL,1733686133
225,golere,16.2557,-14.1017,81.46,11,44,9.69,SN,1733686135
226,lerwick,60.1545,-1.1494,42.82,70,10,13.71,GB,1733686136
227,huainan,32.6264,116.9969,35.6,45,34,5.03,CN,1733686137
228,dryden,49.7833,-92.7503,17.89,93,100,6.91,CA,1733686140
229,magadan,59.5667,150.8,16.03,73,100,12.75,RU,1733686141
230,afaahiti,-17.75,-149.2833,78.08,77,72,21.59,PF,1733686143
231,hamilton,39.1834,-84.5333,58.95,51,20,11.5,US,1733685929
232,al jumum,21.6169,39.6981,76.5,74,100,6.58,SA,1733686145
233,tsuruoka,38.7217,139.8217,40.69,68,100,15.12,JP,1733686146
234,pavilosta,56.8879,21.1859,35.87,87,100,13.38,LV,1733686147
235,levanger,63.7464,11.2996,37.02,76,46,7.23,NO,1733686148
236,gobo,33.8833,135.15,46.65,72,50,16.64,JP,1733686149
237,del rio,29.3627,-100.8968,54.0,82,0,3.44,US,1733686086
238,evergreen,39.6333,-105.3172,52.11,25,100,8.01,US,1733686152
239,kaiapoi,-43.3783,172.6401,69.1,22,0,9.22,NZ,1733686153
240,howrah,22.5892,88.3103,66.2,68,11,0.0,IN,1733686154
241,udachny,66.4167,112.4,-24.32,100,99,5.26,RU,1733686155
242,uturoa,-16.7333,-151.4333,80.6,78,96,21.07,PF,1733686156
243,payallar,36.6142,31.8564,61.7,67,100,9.08,TR,1733686157
244,tura,25.5198,90.2201,58.28,92,35,3.11,IN,1733686158
245,brisas de zicatela,15.8369,-97.0419,86.52,74,0,5.75,MX,1733686161
246,beshkent,38.8214,65.6531,32.18,86,100,2.3,UZ,1733686162
247,tvoroyri,61.5556,-6.8111,41.05,67,12,11.45,FO,1733686163
248,port alfred,-33.5906,26.891,72.18,85,99,1.99,ZA,1733686164
249,olonkinbyen,70.9221,-8.7187,31.23,95,100,36.1,SJ,1733686165
250,bouarfa,32.53,-1.95,55.56,31,55,4.72,MA,1733686166
251,lobva,59.1854,60.5185,18.19,72,100,8.86,RU,1733686167
252,angaur state,6.906,134.13,83.79,72,100,7.52,PW,1733686169
253,prince rupert,54.3161,-130.3201,40.69,93,100,6.91,CA,1733686170
254,kone,-21.0595,164.8658,74.77,81,4,3.4,NC,1733686171
255,puerto colombia,10.9878,-74.9547,89.69,68,88,16.64,CO,1733686172
256,kandyagash,49.4744,57.4233,18.28,58,39,6.06,KZ,1733686173
257,okha,53.5739,142.9478,20.93,77,100,26.87,RU,1733686174
258,cold springs,39.6802,-119.9766,48.78,53,0,0.0,US,1733686176
259,bich'vinta,43.1592,40.3378,56.93,52,100,5.26,GE,1733686178
260,tazacorte,28.629,-17.9293,68.97,73,75,8.05,ES,1733686179
261,whitehorse,60.7161,-135.0538,12.97,92,100,10.36,CA,1733686181
262,maumere,-8.6199,122.2111,79.65,88,100,9.01,ID,1733686182
263,lisieux,49.1667,0.1667,43.16,85,100,14.81,FR,1733686183
264,as sulayyil,20.4607,45.5779,67.03,37,10,6.46,SA,1733686185
265,oroqen zizhiqi,50.5667,123.7167,-9.2,100,59,2.91,CN,1733686186
266,kerikeri,-35.2268,173.9474,67.91,89,100,5.01,NZ,1733686187
267,ta`u,-14.2336,-169.5144,76.06,91,100,3.42,AS,1733686188
268,los alamos,35.8881,-106.307,46.29,39,0,6.91,US,1733686189
269,esil,51.9556,66.4042,1.38,97,100,1.7,KZ,1733686190
270,gremyachinsk,58.5603,57.851,11.73,93,100,5.99,RU,1733686191
271,santa elena de uairen,4.6167,-61.1333,82.65,39,82,7.61,VE,1733686193
272,vorontsovka,50.6132,40.3549,30.74,77,100,13.0,RU,1733686194
273,la romana,18.4273,-68.9728,84.56,74,75,11.5,DO,1733686195
274,arauco,-37.2463,-73.3175,67.57,42,1,13.22,CL,1733686196
275,arraial do cabo,-22.9661,-42.0278,80.56,89,100,12.66,BR,1733686197
276,rawlins,41.7911,-107.2387,40.89,38,0,28.77,US,1733686083
277,lashio,22.9333,97.75,57.34,99,13,0.96,MM,1733685984
278,pyshma,56.9523,63.2513,11.89,88,12,5.57,RU,1733686200
279,gisborne,-38.6533,178.0042,69.82,66,100,8.86,NZ,1733686202
280,tateyama,34.9833,139.8667,44.82,55,3,14.23,JP,1733686203
281,mandera,3.9366,41.867,87.53,26,33,13.76,KE,1733686204
282,aykhal,66.0,111.5,-26.39,100,98,4.65,RU,1733686205
283,remire-montjoly,4.9167,-52.2667,86.04,70,40,16.11,GF,1733686206
284,general roca,-39.0333,-67.5833,82.92,13,100,17.27,AR,1733685914
285,kasongo-lunda,-6.4667,16.8167,69.98,96,30,2.59,CD,1733686208
286,luganville,-15.5333,167.1667,81.19,86,89,7.7,VU,1733686209
287,wau,7.7029,27.9953,81.21,26,77,3.65,SS,1733686211
288,kirensk,57.7853,108.1119,14.16,94,100,5.79,RU,1733686212
289,bardsir,29.9227,56.5743,41.16,24,100,2.48,IR,1733686213
290,nanzhang chengguanzhen,31.7839,111.8275,37.15,54,53,2.06,CN,1733686215
291,kiama,-34.6833,150.8667,64.38,90,100,4.68,AU,1733686216
292,alotau,-10.3069,150.4462,77.99,89,93,1.57,PG,1733686218
293,touros,-5.1989,-35.4608,81.05,72,7,14.81,BR,1733686220
294,chonchi,-42.6128,-73.8092,56.95,53,99,3.29,CL,1733686221
295,chibougamau,49.9168,-74.3659,11.82,79,100,4.61,CA,1733685962
296,huarmey,-10.0681,-78.1522,72.09,78,52,12.59,PE,1733686223
297,creel,27.75,-107.6333,56.01,13,1,18.14,MX,1733686224
298,inari,68.906,27.0288,32.36,78,41,19.33,FI,1733686226
299,brookings,44.3114,-96.7984,45.45,56,75,11.5,US,1733686175
300,karatau,43.1667,70.4667,16.92,87,13,2.24,KZ,1733686229
301,puerto deseado,-47.7503,-65.8938,51.89,54,100,15.66,AR,1733686230
302,qarazhal,48.0078,70.7903,-0.47,98,61,2.68,KZ,1733686231
303,nowshahr,36.649,51.496,48.15,93,100,2.3,IR,1733686232
304,dubbo,-32.25,148.6167,62.73,72,100,9.22,AU,1733686233
305,oranjemund,-28.55,16.4333,62.33,84,45,10.74,NA,1733686234
306,laguna,38.421,-121.4238,59.65,71,0,8.05,US,1733686229
307,puerto armuelles,8.2833,-82.8667,79.09,71,30,1.01,PA,1733686237
308,puerto aysen,-45.4,-72.7,56.86,64,100,5.03,CL,1733686159
309,bonthe,7.5264,-12.505,79.61,72,64,7.96,SL,1733686239
310,nuku'alofa,-21.1333,-175.2,79.14,94,75,6.91,TO,1733686240
311,thunder bay,48.4001,-89.3168,21.18,79,100,9.22,CA,1733686159
312,salahonda,2.1019,-78.7217,78.58,83,83,13.33,CO,1733686242
313,masina,-4.3836,15.3914,74.14,92,100,0.94,CD,1733686243
314,pitimbu,-7.4706,-34.8086,80.06,73,25,15.08,BR,1733686245
315,trebechovice pod orebem,50.201,15.9922,37.2,92,60,1.01,CZ,1733686246
316,dobroslav,46.8194,30.9432,40.59,94,99,11.81,UA,1733686247
317,mahebourg,-20.4081,57.7,77.29,83,40,2.3,MU,1733686248
318,new glasgow,45.5834,-62.6486,33.58,90,100,21.88,CA,1733686098
319,midvagur,62.0511,-7.1939,40.03,75,75,10.36,FO,1733686250
320,yaren,-0.5472,166.916,82.89,75,100,13.53,NR,1733686251
321,sarykemer,43.0,71.5,4.48,91,14,2.75,KZ,1733686252
322,kasongo,-4.45,26.6667,68.79,95,96,1.95,CD,1733686253
323,aioun,16.6614,-9.6149,74.82,13,100,10.74,MR,1733686255
324,puerto baquerizo moreno,-0.9,-89.6,74.39,83,100,18.41,EC,1733686256
325,wewak,-3.5534,143.6268,77.76,85,91,4.5,PG,1733686257
326,vilyuchinsk,52.9306,158.4028,35.87,93,100,11.68,RU,1733686258
327,kadiri,14.1167,78.1667,70.03,84,95,4.63,IN,1733686259
328,astoria,46.1879,-123.8313,50.14,95,58,10.0,US,1733686260
329,juneau,58.3019,-134.4197,35.1,100,100,10.36,US,1733686189
330,sittwe,20.15,92.9,69.48,75,100,6.82,MM,1733686262
331,nabire,-3.3667,135.4833,74.91,95,100,1.59,ID,1733686264
332,armacao de buzios,-22.7469,-41.8817,80.76,88,96,12.93,BR,1733686153
333,tamanrasset,22.785,5.5228,55.31,13,0,3.44,DZ,1733686266
334,jawa,31.8525,35.9393,50.31,76,0,5.75,JO,1733686267
335,skuratovskiy,54.1108,37.6011,24.46,94,99,6.64,RU,1733686268
336,smirnovo,54.5125,69.4222,-8.77,100,61,3.74,KZ,1733686269
337,dakhla,23.6848,-15.958,69.82,64,100,16.11,EH,1733686270
338,uusikaupunki,60.8004,21.4084,35.42,91,100,4.23,FI,1733686273
339,zaozersk,69.4005,32.4476,30.76,86,100,19.33,RU,1733686274
340,al kharijah,25.4514,30.5464,61.27,33,0,8.99,EG,1733686275
341,valparaiso,-33.0393,-71.6273,73.63,43,0,13.8,CL,1733686147
342,mochudi,-24.4167,26.15,91.99,54,100,11.25,BW,1733686277
343,kolonia,50.9333,6.95,42.96,82,0,4.61,DE,1733686278
344,newman,37.3138,-121.0208,55.06,55,100,3.94,US,1733686011
345,holualoa,19.6228,-155.9522,76.84,66,0,3.44,US,1733686280
346,iskateley,67.6803,53.1512,19.85,92,100,16.91,RU,1733686282
347,el porvenir,13.7617,-87.3458,85.86,50,100,6.96,HN,1733686283
348,champerico,14.3,-91.9167,82.6,67,100,6.8,GT,1733686284
349,tommot,58.9564,126.2925,-13.25,99,98,2.08,RU,1733686285
350,el naranjo,21.4667,-98.6,78.75,59,30,3.33,MX,1733686286
351,port lincoln,-34.7333,135.8667,62.37,73,100,8.43,AU,1733686287
352,malabar,-33.9667,151.25,68.13,81,75,8.05,AU,1733686288
353,port hedland,-20.3167,118.5667,84.25,89,75,5.75,AU,1733686289
354,sinabang,2.4803,96.3801,79.56,83,95,2.71,ID,1733686290
355,port douglas,-16.4833,145.4667,78.08,84,88,5.99,AU,1733686292
356,acarau,-2.8856,-40.12,82.44,71,56,15.19,BR,1733686293
357,hammerfest,70.6634,23.6821,37.85,81,75,1.14,NO,1733686294
358,kruisfontein,-34.0033,24.7314,66.61,75,84,3.2,ZA,1733686295
359,akureyri,65.6835,-18.0878,44.53,65,0,37.98,IS,1733686296
360,kurtamysh,54.9103,64.4319,4.5,95,56,5.03,RU,1733686297
361,minas de marcona,-15.2119,-75.1103,66.65,64,89,18.54,PE,1733686298
362,at taj,24.2049,23.2857,55.17,49,0,3.78,LY,1733686301
363,tevriz,57.509,72.4042,-1.98,99,7,2.95,RU,1733686302
364,prince albert,53.2001,-105.7677,33.75,86,100,11.5,CA,1733686197
365,keffi,8.8486,7.8736,79.03,25,2,0.83,NG,1733686304
366,balkh,36.75,67.0,32.94,65,0,3.27,AF,1733686305
367,tambacounda,13.7539,-13.7586,84.25,51,0,4.61,SN,1733686306
368,merritt,50.1123,-120.7942,35.33,87,100,2.24,CA,1733686280
369,turuntayevo,52.2,107.6167,10.8,98,100,0.69,RU,1733686309
370,loushanguan,28.1375,106.82,34.88,81,100,3.51,CN,1733686310
371,osorio,-29.8867,-50.2697,63.03,64,99,3.6,BR,1733686311
372,west odessa,31.8424,-102.4988,66.85,32,0,23.02,US,1733686312
373,akjoujt,19.6969,-14.4164,75.0,7,99,7.81,MR,1733686313
374,saint david's,12.0333,-61.6667,85.44,70,75,13.8,GD,1733686315
375,bovalino,38.149,16.174,51.3,66,90,4.92,IT,1733686316
376,necochea,-38.5473,-58.7368,62.2,46,56,13.0,AR,1733686120
377,sao vicente,-23.9631,-46.3919,76.95,35,75,5.75,BR,1733686319
378,weyburn,49.6668,-103.8511,35.82,87,100,9.22,CA,1733686320
379,nouna,12.7333,-3.8667,77.13,18,90,8.16,BF,1733686321
380,kolasib,24.2333,92.7,48.72,81,6,2.51,IN,1733686322
381,nikfer,37.4054,29.1373,46.17,90,100,6.13,TR,1733686323
382,antsiranana,-12.2787,49.2917,77.11,83,39,8.21,MG,1733686324
383,tsiombe,-25.3,45.4833,74.79,81,76,12.12,MG,1733686327
384,vangaindrano,-23.35,47.6,75.09,87,57,1.92,MG,1733686328
385,bubaque,11.2833,-15.8333,80.6,58,100,10.13,GW,1733686329
386,sitka,57.0531,-135.33,39.09,87,75,4.61,US,1733686330
387,conception bay south,47.4999,-52.9981,30.74,72,57,5.3,CA,1733686205
388,limbe,4.0242,9.2149,81.81,69,100,10.45,CM,1733686332
389,gao,16.6362,1.637,66.6,13,100,11.88,ML,1733686333
390,sevlievo,43.0258,25.1136,39.0,93,29,2.89,BG,1733686334
391,belalcazar,2.6547,-75.9928,62.33,97,99,3.76,CO,1733686335
392,alofi,-19.0595,-169.9187,80.49,83,100,12.66,NU,1733686337
393,safotu,-13.4513,-172.4018,80.04,86,100,14.76,WS,1733686338
394,boma,11.7117,4.2472,73.98,23,27,8.95,NG,1733686339
395,damghan,36.1683,54.348,38.07,64,100,7.96,IR,1733686340
396,dili,-8.5586,125.5736,80.65,83,100,3.15,TL,1733686341
397,paradip garh,20.3167,86.6167,70.79,80,66,3.06,IN,1733686342
398,balkanabat,39.5108,54.3671,37.53,51,100,23.38,TM,1733686344
399,baiao,-2.7906,-49.6717,85.53,56,99,2.77,BR,1733686345
400,pursat,12.3333,103.6667,68.99,90,0,0.76,KH,1733686347
401,ponta delgada,37.7333,-25.6667,65.19,72,40,12.66,PT,1733686348
402,caleta de carquin,-11.0925,-77.6267,71.73,78,99,12.28,PE,1733686349
403,naxos,37.1056,25.3764,66.31,40,5,10.0,GR,1733686350
404,sao tome,0.3365,6.7273,80.04,80,100,7.85,ST,1733686351
405,lorengau,-2.0226,147.2712,81.48,78,100,3.91,PG,1733686353
406,rocha,-34.4833,-54.3333,60.15,48,0,11.3,UY,1733686354
407,lowell,42.6334,-71.3162,47.66,57,100,13.8,US,1733686271
408,takoradi,4.8845,-1.7554,80.76,81,7,6.53,GH,1733686356
409,okhotsk,59.3833,143.3,5.58,77,94,18.32,RU,1733686357
410,kavieng,-2.5744,150.7967,80.96,80,96,11.59,PG,1733686358
411,xunchang,28.4543,104.715,43.65,91,100,0.38,CN,1733686359
412,santa lucia,27.9117,-15.5407,61.92,68,20,13.8,ES,1733686360
413,saudarkrokur,65.7461,-19.6394,43.5,80,100,38.36,IS,1733686362
414,drayton valley,53.2168,-114.9854,31.86,91,100,12.5,CA,1733686363
415,pisco,-13.7,-76.2167,75.25,60,0,19.57,PE,1733686364
416,kamina,-8.7386,24.9906,63.59,96,32,0.72,CD,1733686365
417,kulhudhuffushi,6.6221,73.07,81.12,76,100,6.67,MV,1733686366
418,hastings,50.8552,0.5729,45.99,58,99,27.63,GB,1733686367
419,newnham,-41.3833,147.1333,45.55,93,96,9.22,AU,1733686369
420,kiunga,-6.1219,141.2906,74.61,100,100,1.21,PG,1733686370
421,bechar,31.6167,-2.2167,59.32,26,0,2.3,DZ,1733686371
422,dolisie,-4.1997,12.6739,72.7,96,100,1.68,CG,1733686372
423,erenhot,43.6475,111.9767,16.99,61,0,9.22,CN,1733686373
424,carnarvon,-24.8667,113.6333,71.83,84,14,18.3,AU,1733686374
425,sao jose da coroa grande,-8.8978,-35.1478,80.02,69,23,10.36,BR,1733686375
426,maputo,-25.9653,32.5892,80.28,83,40,13.8,MZ,1733686376
427,aktau,43.65,51.2,30.78,51,100,28.25,KZ,1733686378
428,neiafu,-18.65,-173.9833,81.28,89,75,9.22,TO,1733686379
429,rabo de peixe,37.8,-25.5833,63.99,99,40,12.66,PT,1733686380
430,puerto lempira,15.2667,-83.7667,68.14,100,40,3.44,HN,1733686381
431,kirakira,-10.4544,161.9205,81.75,82,94,4.36,SB,1733686382
432,buenos aires,-34.6132,-58.3772,71.49,42,1,11.01,AR,1733686299
433,geraldton,-28.7667,114.6,70.21,88,100,18.41,AU,1733686384
434,twin falls,42.3505,-114.6445,39.54,56,40,19.57,US,1733686385
435,porto franco,-6.3383,-47.3992,90.36,43,100,3.2,BR,1733686387
436,orsa,54.5153,30.4053,28.24,95,97,5.93,BY,1733686388
437,toktogul,41.8708,72.9402,25.3,72,74,2.59,KG,1733686389
438,bismarck,46.8083,-100.7837,49.06,58,0,18.41,US,1733686115
439,al qusayr,34.5091,36.5798,52.75,85,0,1.45,SY,1733686391
440,bahia honda,22.9036,-83.1592,79.83,52,31,13.0,CU,1733686393
441,merowe,18.4833,31.8167,75.29,20,38,12.73,SD,1733686395
442,antonio enes,-16.2325,39.9086,80.11,85,3,5.5,MZ,1733686397
443,waiuku,-37.25,174.75,67.66,89,100,8.1,NZ,1733686398
444,krutinka,56.0055,71.5113,-4.77,99,30,5.28,RU,1733686399
445,walvis bay,-22.9575,14.5053,65.35,77,10,5.75,NA,1733686400
446,brigantine,39.4101,-74.3646,54.14,49,0,11.5,US,1733686401
447,gebeit,21.0667,36.3167,67.95,76,99,7.45,SD,1733686403
448,santa isabel,-23.3156,-46.2214,81.7,93,100,6.8,BR,1733686404
449,hirna,9.2167,41.1,56.01,51,6,2.51,ET,1733686405
450,taltal,-25.4,-70.4833,67.46,63,44,8.08,CL,1733686221
451,tumwater,47.0073,-122.9093,46.89,95,75,11.5,US,1733686407
452,huilong,31.8111,121.655,39.18,67,3,5.03,CN,1733686408
453,mount pearl,47.5166,-52.7813,30.15,71,75,6.91,CA,1733686409
454,harrisburg,40.2737,-76.8844,58.46,43,75,17.27,US,1733686188
455,marsh harbour,26.5412,-77.0636,70.75,62,7,11.32,BS,1733686412
456,sidrolandia,-20.9319,-54.9614,79.48,73,99,9.13,BR,1733686413
457,manhattan,40.7834,-73.9662,55.06,41,0,17.27,US,1733686383
458,lusaka,-15.4067,28.2871,68.25,88,0,12.66,ZM,1733686171
459,rabaul,-4.1967,152.1721,79.66,78,95,4.25,PG,1733686416
460,isla vista,34.4133,-119.861,66.56,57,100,4.61,US,1733686417
461,kenora,49.8167,-94.4337,23.97,93,100,11.5,CA,1733686418
462,pokhara,28.2333,83.9833,49.46,42,0,5.97,NP,1733686419
463,al jawf,29.5,38.75,58.5,37,0,7.4,SA,1733686421
464,koh kong,11.6175,102.9806,78.28,72,13,5.53,KH,1733686422
465,cuito,-12.3833,16.9333,58.96,90,100,1.77,AO,1733686423
466,mount gambier,-37.8333,140.7667,48.96,85,100,3.22,AU,1733686424
467,carbonear,47.7332,-53.2148,30.15,72,73,6.31,CA,1733686425
468,sretensk,52.2453,117.7093,3.87,99,100,2.01,RU,1733686426
469,midelt,32.6852,-4.7451,51.67,35,14,12.77,MA,1733686427
470,constitucion,-35.3333,-72.4167,62.4,62,82,17.02,CL,1733686428
471,loukhi,66.0764,33.0381,27.19,91,100,8.68,RU,1733686430
472,quang ngai,15.1167,108.8,70.9,95,100,4.59,VN,1733686431
473,kingaroy,-26.5333,151.8333,71.58,84,60,2.35,AU,1733686432
474,nelson bay,-32.7167,152.15,70.09,95,100,8.99,AU,1733686433
475,gadzhiyevo,69.2551,33.3362,32.54,86,100,18.79,RU,1733686434
476,lawas,13.764,121.0566,77.65,88,95,5.99,PH,1733686435
477,dabrowa tarnowska,50.1746,20.9863,31.12,93,30,5.97,PL,1733686149
478,san fernando de apure,7.8878,-67.4724,94.48,35,37,7.54,VE,1733686437
479,santa rosa,14.3122,121.1114,81.95,91,95,16.17,PH,1733686289
480,coahuayana de hidalgo,18.7,-103.6583,85.93,60,100,6.11,MX,1733686440
481,ulsteinvik,62.3432,5.8487,42.75,81,13,4.0,NO,1733686441
482,kudahuvadhoo,2.6708,72.8944,80.94,72,32,4.7,MV,1733686442
483,saurimo,-9.6608,20.3916,64.94,95,71,1.86,AO,1733686443
484,loddekopinge,55.7667,13.0167,40.91,96,100,16.02,SE,1733686444
485,tangalle,6.024,80.7911,75.96,88,92,3.69,LK,1733686445
486,isangel,-19.55,169.2667,78.89,82,55,6.6,VU,1733686446
487,mafra,-26.1114,-49.8053,60.8,99,100,6.02,BR,1733686448
488,bel ombre,-4.6167,55.4167,78.64,89,75,3.44,SC,1733686449
489,sabang,5.8933,95.3214,82.45,71,54,5.57,ID,1733686450
490,demba,-5.51,22.2667,68.63,97,100,3.13,CD,1733686453
491,kijang,35.2442,129.2139,31.73,50,3,4.36,KR,1733686454
492,caminauit,12.3314,121.0825,81.1,76,90,15.28,PH,1733686455
493,al bardiyah,31.7561,25.0865,61.14,64,1,13.73,LY,1733686456
494,seydi,39.4816,62.9137,27.66,49,0,12.71,TM,1733686458
495,bardai,11.65,7.2333,66.04,26,100,8.81,NG,1733686459
496,matthew town,20.95,-73.6667,78.87,71,69,18.77,BS,1733686460
497,palikir - national government center,6.9248,158.1611,77.74,94,40,3.44,FM,1733686461
498,port saint john's,-31.6229,29.5448,73.81,93,77,3.33,ZA,1733686462
499,portland,45.5234,-122.6762,47.62,93,100,4.0,US,1733686406
500,arkhangel'sk,64.5401,40.5433,23.11,100,100,4.47,RU,1733686464
501,kollam,8.8833,76.6,79.14,81,84,5.28,IN,1733686465
502,kyabram,-36.3167,145.05,53.44,74,100,7.47,AU,1733686467
503,grenville,12.1167,-61.6167,86.05,76,2,16.55,GD,1733686468
504,ormara,25.2088,64.6357,67.93,31,3,28.1,PK,1733686469
505,chudovo,59.1167,31.6833,25.03,91,23,2.57,RU,1733686470
506,sabha,27.0377,14.4283,56.46,29,35,6.26,LY,1733686471
507,el matama,16.7095,33.3565,80.78,22,10,11.39,SD,1733686472
508,baiti,13.745,-14.7482,82.04,18,100,7.52,SN,1733686473
509,eyl,7.9803,49.8164,77.76,66,8,20.94,SO,1733686474
510,livingstonia,-10.606,34.1063,65.7,87,81,3.27,MW,1733686475
511,biltine,14.5333,20.9167,78.71,21,55,8.66,TD,1733686477
512,nema,57.5067,50.5011,21.96,91,100,11.59,RU,1733686478
513,imbituba,-28.24,-48.6703,62.58,92,100,6.62,BR,1733686479
514,kuala belait,4.5833,114.1833,79.48,86,100,3.38,BN,1733686480
515,hilo,19.7297,-155.09,80.11,70,0,3.44,US,1733686481
516,shiqian,27.5225,108.2281,39.22,79,100,1.57,CN,1733686482
517,san antonio de pale,-1.4014,5.6325,79.77,84,100,17.72,GQ,1733686483
518,willowmore,-33.2926,23.4895,65.75,69,0,9.91,ZA,1733686484
519,al burayqah,30.4062,19.5739,65.48,44,7,12.48,LY,1733686485
520,diok'nisi,41.6293,42.3917,36.93,95,93,3.2,GE,1733686487
521,fort mcmurray,56.7268,-111.381,18.99,86,100,11.5,CA,1733686489
522,khamis mushait,18.3064,42.7292,57.81,18,0,0.0,SA,1733686490
523,kolondieba,11.0882,-6.8926,76.93,21,97,5.3,ML,1733686491
524,andrews farm,-34.6775,138.6637,62.49,66,97,8.01,AU,1733686493
525,boca do acre,-8.7522,-67.3978,76.21,95,97,4.14,BR,1733686494
526,san matias,-16.3667,-58.4,86.5,63,100,4.16,BO,1733686495
527,sao joaquim,-28.2939,-49.9317,52.23,96,100,3.6,BR,1733686496
528,severo-yeniseyskiy,60.3725,93.0408,-14.71,100,99,3.85,RU,1733686497
529,bu'aale,1.0833,42.5833,79.25,79,56,7.65,SO,1733686499
530,jinka,5.65,36.65,66.92,41,12,3.02,ET,1733686501
531,makhambet,47.6667,51.5833,27.14,69,83,14.92,KZ,1733686502
532,namtsy,62.7161,129.6658,-18.0,100,100,2.28,RU,1733686503
533,bratske,47.865,31.5731,39.88,88,99,14.27,UA,1733686504
534,georgiyevka,43.0369,74.7114,10.44,85,100,0.0,KZ,1733686505
535,mar del plata,-38.0023,-57.5575,61.52,61,0,11.5,AR,1733686290
536,yarkovo,57.4028,67.0786,9.75,95,37,6.8,RU,1733686508
537,kourou,5.1552,-52.6478,80.53,76,20,7.05,GF,1733686509
538,callao,-12.0667,-77.15,73.69,64,0,14.97,PE,1733686510
539,rimus,16.8764,120.3966,79.02,80,100,2.13,PH,1733686511
540,enewetak,11.3474,162.3373,81.97,78,97,19.06,MH,1733686512
541,chinde,26.8212,87.7095,57.49,69,0,6.08,NP,1733686513
542,powell river,49.8496,-124.5361,46.04,93,75,2.3,CA,1733686264
543,buala,-8.145,159.5921,82.29,79,67,3.56,SB,1733686515
544,haapavesi,64.1333,25.3667,30.52,92,95,8.01,FI,1733686516
545,byron bay,-28.65,153.6167,75.83,91,36,7.83,AU,1733686518
546,banff,51.1762,-115.5698,30.58,64,100,3.44,CA,1733686333
547,muntok,-2.0667,105.1833,80.64,83,96,16.17,ID,1733686520
548,humberto de campos,-2.5983,-43.4611,84.79,60,72,8.12,BR,1733686522
549,carrigaline,51.8117,-8.3986,45.61,75,20,16.11,IE,1733686523
550,obo,5.3998,26.4869,77.61,32,99,4.88,CF,1733686524
551,rio preto da eva,-2.6994,-59.6997,85.28,62,100,4.7,BR,1733686526
552,hadibu,12.65,54.0333,76.44,73,54,15.79,YE,1733686527
553,horsham,51.064,-0.3272,46.51,83,75,17.27,GB,1733686528
554,kish,26.5578,54.0194,71.87,46,0,4.61,IR,1733686529
555,bontang,0.1333,117.5,77.43,85,94,3.22,ID,1733686530
556,merlo,-32.3429,-65.014,63.61,67,100,9.75,AR,1733686248
557,kotido,2.9806,34.1331,75.16,40,8,6.44,UG,1733686532
558,khandyga,62.6667,135.6,-25.67,100,100,1.79,RU,1733686533
559,ujae,8.9322,165.7642,82.92,79,35,22.62,MH,1733686535
560,esmeraldas,-19.7625,-44.3139,84.22,56,63,2.89,BR,1733686536
561,baiyin,36.5583,104.2081,24.04,51,100,1.21,CN,1733686537
